id,nombre,apellidos,telefono,email,empresa,cargo,ciudad
1,Inés,Valdés Quiroga,555 100 101,ines.valdes@example.com,Roble & Asociados,Arquitecta,Sevilla
2,Bruno,Rey Santamaría,555 100 102,bruno.rey@example.com,Atlas Logística,Responsable de Compras,Bilbao
3,Carolina,Peña Lozano,555 100 103,carolina.pena@example.com,Verde Vivo,Ingeniera Ambiental,Granada
4,Mateo,Acosta Benítez,555 100 104,mateo.acosta@example.com,Salitre Hoteles,Director Comercial,Málaga
5,Julia,Merino Cuesta,555 100 105,julia.merino@example.com,Raíz Editorial,Editora,Zaragoza
6,Samuel,Bravo Ledesma,555 100 106,samuel.bravo@example.com,Forja Industrial,Supervisor de Planta,Valladolid
7,Valeria,Navas Coronado,555 100 107,valeria.navas@example.com,Clara Salud,Fisioterapeuta,Santander
8,Gerardo,Peiró Monreal,555 100 108,gerardo.peiro@example.com,Orbe Financiero,Asesor Financiero,Salamanca
9,Emma,Cuadrado Nieto,555 100 109,emma.cuadrado@example.com,Azahar Eventos,Organizadora de Eventos,Córdoba
10,Leandro,Fuentes Cid,555 100 110,leandro.fuentes@example.com,Monte Real,Geólogo,Oviedo
11,Teresa,Aranda Leal,555 100 111,teresa.aranda@example.com,Marfil Legal,Abogada,Pamplona
12,Alex,Miralles Seguí,555 100 112,alex.miralles@example.com,Brisa Energía,Técnico de Energías Renovables,Tarragona
13,Noelia,Prats Giménez,555 100 113,noelia.prats@example.com,El Candil,Chef,Toledo
14,Esteban,Alonso Cervera,555 100 114,esteban.alonso@example.com,Trébol Seguros,Perito de Seguros,Burgos
15,Maite,Valero Ocaña,555 100 115,maite.valero@example.com,La Estación Cultural,Gestora Cultural,Logroño
16,Óliver,Escudero Mata,555 100 116,oliver.escudero@example.com,Arco Transporte,Planificador de Rutas,Almería
17,Rebeca,Parra Villena,555 100 117,rebeca.parra@example.com,Mirador Inmobiliaria,Agente Inmobiliaria,Cuenca
18,Fernando,Serna Aparicio,555 100 118,fernando.serna@example.com,Marisma Agrícola,Ingeniero Agrónomo,Huelva
19,Alba,Tejada Román,555 100 119,alba.tejada@example.com,Plaza Abierta,Trabajadora Social,Jaén
20,César,Montoro Castaño,555 100 120,cesar.montoro@example.com,Brújula Viajes,Guía Turístico,Toledo
21,Maribel,Olmedo Sierra,555 100 121,maribel.olmedo@example.com,Estudio Norte,Interiorista,León
22,Joel,Amat Caballero,555 100 122,joel.amat@example.com,Calima Telecom,Instalador de Redes,Las Palmas
23,Lorena,Franco Rosell,555 100 123,lorena.franco@example.com,Fuente Clara,Enóloga,Ourense
24,Ismael,Peña Solís,555 100 124,ismael.pena@example.com,Motor Ibérico,Mecánico,Albacete
25,Silvia,Requena Barrios,555 100 125,silvia.requena@example.com,Lucerna Óptica,Optometrista,Elche
26,Damián,Chacón Pastor,555 100 126,damian.chacon@example.com,Escala Obras,Encargado de Obra,Cuenca
27,Elisa,Manzano Rueda,555 100 127,elisa.manzano@example.com,Alto Rendimiento,Entrenadora Deportiva,Ceuta
28,Nacho,Belmonte Rivas,555 100 128,nacho.belmonte@example.com,Puerto Seguro,Oficial de Marina,Vigo
29,Amalia,Carrión Pardo,555 100 129,amalia.carrion@example.com,Azul Cerámica,Restauradora de Arte,Toledo
30,Jonás,Valentín Mora,555 100 130,jonas.valentin@example.com,Campo Abierto,Investigador Agrario,Albacete